[
    {
      "id": 1,
      "clientName": "shopper stop 1",
      "salesAdvisor": "Dean",
      "status": "client activated",
      "lastModified": "2019-12-16"
    },
    {
      "id": 2,
      "clientName": "test991",
      "salesAdvisor": "brandon",
      "status": "sent for activation",
      "lastModified": "2019-10-21"
    },
    {
        "id": 3,
        "clientName": "test98",
        "salesAdvisor": "brandon",
        "status": "sent to client",
        "lastModified": "2019-10-21"
      },
    {
        "id": 4,
        "clientName": "radha enterprise",
        "salesAdvisor": "brandon",
        "status": "client activated",
        "lastModified": "2019-06-21"
    },
    {
        "id": 5,
        "clientName": "CSSTranCode",
        "salesAdvisor": "brandon",
        "status": "client activated",
        "lastModified": "2018-09-14"
    },
    {
        "id": 6,
        "clientName": "SummerSave",
        "salesAdvisor": "brandon",
        "status": "client activated",
        "lastModified": "2018-07-23"
    },
    {
        "id": 7,
        "clientName": "TestAccount",
        "salesAdvisor": "brandon",
        "status": "client activated",
        "lastModified": "2018-07-23"
      },
    {
        "id": 8,
        "clientName": "Trancodev2",
        "salesAdvisor": "brandon",
        "status": "client activated",
        "lastModified": "2018-06-13"
    },
    {
        "id": 9,
        "clientName": "testsendtoclient",
        "salesAdvisor": "brandon",
        "status": "sent to client",
        "lastModified": "2018-06-7"
    },
    {
        "id": 10,
        "clientName": "aqua",
        "salesAdvisor": "brandon",
        "status": "sent to client",
        "lastModified": "2018-06-06"
    },
    {
      "id": 11,
      "clientName": "aqua1",
      "salesAdvisor": "brandon1",
      "status": "sent to client1",
      "lastModified": "2018-06-7"
    },
    {
        "id": 12,
        "clientName": "aqua2",
        "salesAdvisor": "brandon1",
        "status": "sent to client1",
        "lastModified": "2018-06-06"
    },
  {
      "id": 13,
      "clientName": "aqua1",
      "salesAdvisor": "brandon1",
      "status": "sent to client1",
      "lastModified": "2018-06-7"
    },
    {
        "id": 14,
        "clientName": "aqua2",
        "salesAdvisor": "brandon1",
        "status": "sent to client1",
        "lastModified": "2018-06-06"
    }
    
  ]